"","companyname","Freq","ads_per_company"
"3","amazon.com",1919,"1919"
"4","amazon",1060,"1060"
"6","université du luxembourg",960,"960"
"8","funds partnership",832,"832"
"9","austin bright",730,"730"
"12","amazon europe core",518,"518"
"13","austin bright s.àr.l.",497,"497"
"15","kpmg",467,"467"
"16","bnp paribas",454,"454"
"18","fyte",393,"393"
"19","iagora europa",379,"379"
"20","deloitte general services",374,"374"
"21","euraxess",352,"352"
"22","gh intérim",305,"305"
"23","lease",288,"288"
"25","ernst & young global limited",271,"271"
"26","sofitext",262,"262"
"28","eurolux consulting ltd",259,"259"
"29","le grand & associates",255,"255"
"31","deutsche börse",245,"245"
"32","ing",245,"245"
"33","le grand & associates luxembourg",244,"244"
"34","fédération générale de la fonction communale",241,"241"
"35","beruffer anelo lu",229,"229"
"36","ministère de l'éducation nationale, de l'enfance et de la jeunesse",228,"228"
"37","societe generale private banking",223,"223"
"38","dlsi",219,"219"
"39","goodyear",218,"218"
"40","arendt & medernach",212,"212"
"41","huxley",210,"210"
"42","banque internationale à luxembourg",206,"206"
"43","deutsche börse group",201,"201"
"44","greenfield s.à r.l.",199,"199"
"47","bgl bnp paribas",192,"192"
"48","european investment bank",189,"189"
"49","university of luxembourg",188,"188"
"50","pwc",186,"186"
"51","falkerin s.à r.l.",184,"184"
"52","talkwalker",180,"180"
"53","amazon europe",176,"176"
"54","sogeti",175,"175"
"55","centre hospitalier de luxembourg",173,"173"
"56","state street corporation",171,"171"
"57","arcelormittal",167,"167"
"58","jpmorgan chase & co",165,"165"
"59","xb consultants",157,"157"
"60","caceis",152,"152"
"61","docler holding",149,"149"
"62","thorntons",149,"149"
"63","caceis bank luxembourg branch",146,"146"
"64","servior",145,"145"
"65","ajilon",144,"144"
"66","banque de luxembourg",140,"140"
"67","atos",137,"137"
"68","halian",137,"137"
"69","kpmg",135,"135"
"71","iq-eq",132,"132"
"73","xpertize",129,"129"
"74","greenfield",127,"127"
"75","rtl group",125,"125"
"76","ses s.a",123,"123"
"77","cfl",122,"122"
"78","rh-expert",121,"121"
"79","sgbt",121,"121"
"81","lexius search",117,"117"
"83","ses",115,"115"
"84","presto",114,"114"
"87","credit suisse",112,"112"
"88","société générale",111,"111"
"90","sopra steria group",110,"110"
"92","cargolux",109,"109"
"93","tmf group",109,"109"
"94","transman consulting",109,"109"
"95","neofacto",107,"107"
"96","turbolux",107,"107"
"97","gezim intérim",105,"105"
"98","vodafone limited",105,"105"
"99","abakus it-solutions",104,"104"
"100","nomura bank (luxembourg) s.a.",104,"104"
"101","axia (siège)",103,"103"
"102","ekxel it services & financial engineering",103,"103"
"103","rh lab.",102,"102"
"104","alter domus",101,"101"
"105","sofitex",101,"101"
"106","ergon",98,"98"
"107","kingsley & partners",96,"96"
"108","computer task group",95,"95"
"109","edouard franklin",95,"95"
"111","aztec group",93,"93"
"112","ca indosuez wealth (europe)",93,"93"
"113","northern trust corporation",93,"93"
"114","societe generale",93,"93"
"115","sociate generale",90,"90"
"116","together abroad",90,"90"
"117","advitek s.a.",89,"89"
"118","falkerin s. r.l.",89,"89"
"119","fondation lhoft",88,"88"
"120","transman international consulting",88,"88"
"121","deloitte luxembourg",86,"86"
"122","thomas & piron",86,"86"
"123","bdo",84,"84"
"124","dlsi luxembourg",84,"84"
"125","siemens ag",84,"84"
"126","credit agricole consumer finance",83,"83"
"127","grant thornton luxembourg",83,"83"
"128","greenfield luxembourg",83,"83"
"129","dexter international",82,"82"
"130","northern trust",82,"82"
"131","activ solutions",81,"81"
"132","cactus",81,"81"
"133","le forem",81,"81"
"134","luxembourg engineering and application services sa",81,"81"
"135","camo emploi",80,"80"
"136","luxembourg institute of science & technology",80,"80"
"137","pictet group",80,"80"
"138","pwc",80,"80"
"139","state street bank luxembourg s.a.",80,"80"
"140","unisystems s.a.",80,"80"
"141","crh-lux",79,"79"
"142","ferrero",79,"79"
"143","ca indosuez wealth",78,"78"
"145","post group",77,"77"
"146","regus",76,"76"
"147","pwc",75,"75"
"148","nsi",74,"74"
"149","bdo luxembourg",73,"73"
"151","the citco group limited",73,"73"
"152","babysits",71,"71"
"153","clifford chance",71,"71"
"154","dennemeyer",71,"71"
"155","deloitte",70,"70"
"156","iq eq (luxembourg) s.a.",70,"70"
"157","ministère de la mobilité et des travaux publics",70,"70"
"159","arendt",69,"69"
"160","dlsi luxembourg sa",69,"69"
"161","lux airport",69,"69"
"162","sg cib",68,"68"
"163","alter domus",67,"67"
"164","creos luxembourg s.a.",67,"67"
"165","intertrust group",67,"67"
"166","caceis luxembourg",65,"65"
"167","fanuc europe corporation",65,"65"
"169","maison moderne",64,"64"
"170","deutsche börse ag",63,"63"
"172","ctg luxembourg",61,"61"
"173","husky injection molding systems",61,"61"
"174","telindus",61,"61"
"175","ferrero international s.a.",60,"60"
"176","lux-advisory sarl",60,"60"
"177","luxembourg air rescue",59,"59"
"178","st georges international school",59,"59"
"179","arhs",57,"57"
"180","axa luxembourg",57,"57"
"181","husky s.a.",57,"57"
"182","simac professional",57,"57"
"184","consort nt",56,"56"
"185","foyer",56,"56"
"186","hospitaux robert schuman",56,"56"
"187","iee s.a.",56,"56"
"188","kbl european private bankers",55,"55"
"190","if group",54,"54"
"191","dexter international gmbh",53,"53"
"193","dimension data",52,"52"
"194","ey",52,"52"
"195","keyteo",52,"52"
"196","kpmg sa",52,"52"
"197","pro inter",52,"52"
"198","avery dennison",51,"51"
"199","connect people sprl",51,"51"
"201","fundrock management company s.a.",51,"51"
"202","ministère de la digitalisation",51,"51"
"203","crédit agricole",50,"50"
"204","european stability mechanism",50,"50"
"205","gh interim",50,"50"
"206","kbl european private banker",50,"50"
"207","ministère des affaires étrangères et européennes",50,"50"
"208","paypal",50,"50"
"209","taleo consulting",50,"50"
"210","apex luxembourg",49,"49"
"211","cgi inc.",49,"49"
"212","kpmg",49,"49"
"213","laboratoire national de santé",49,"49"
"214","tadaweb",49,"49"
"215","alk",48,"48"
"216","item lux",48,"48"
"217","luxembourg stock exchange",48,"48"
"218","science-community.org network",48,"48"
"219","amundi luxembourg",47,"47"
"220","cargolux airlines international s.a.",47,"47"
"221","iss luxinterim luxembourg",47,"47"
"222","nordea asset management",47,"47"
"223","paul wurth",47,"47"
"224","st george’s international school",47,"47"
"225","ville de luxembourg",47,"47"
"226","accor",46,"46"
"227","advanzia bank s.a.",46,"46"
"228","baloise group",46,"46"
"229","ministère du travail, de l'emploi et de l'économie sociale et solidaire",46,"46"
"230","pictet & cie (europe) s.a.",46,"46"
"231","sgg s.a.",46,"46"
"232","axia interim",45,"45"
"233","banque centrale du luxembourg",45,"45"
"234","ekxel it",45,"45"
"235","lux-advisory sarl",45,"45"
"236","paypal",45,"45"
"237","banque raiffeisen",44,"44"
"238","ca indosuez wealth europe",44,"44"
"239","devoteam",44,"44"
"240","groupe steffen",44,"44"
"242","banque internationale à luxembourg (bil)",43,"43"
"243","post luxembourg",43,"43"
"245","devoteam luxembourg",42,"42"
"246","dng interim",42,"42"
"247","kuehne nagel",42,"42"
"248","la provençale s.à r.l.",42,"42"
"249","luxair s.a. (luxairgroup)",42,"42"
"250","mazars luxembourg sa",42,"42"
"251","arhs group",41,"41"
"252","artec 3d",41,"41"
"253","citco group of companies",41,"41"
"254","commission de surveillance du secteur financier (cssf)",41,"41"
"256","luxembourg",41,"41"
"257","maples group",41,"41"
"258","apex fund services limited",40,"40"
"259","deutsche bank ag",40,"40"
"260","luxtrust",40,"40"
"261","amazon",39,"39"
"262","babysits.org",39,"39"
"263","bnp paribas",39,"39"
"264","ceratizit s.a.",39,"39"
"265","intrasoft international",39,"39"
"266","pm-international ag",39,"39"
"267","europ it services",38,"38"
"268","intesa sanpaolo bank",38,"38"
"269","post group",38,"38"
"270","schroders plc",38,"38"
"271","spuerkeess",38,"38"
"272","steel shed solutions",38,"38"
"274","bny mellon",37,"37"
"275","bny mellon",37,"37"
"276","dupont",37,"37"
"277","istorm",37,"37"
"278","luxtrust s.a.",37,"37"
"279","raiffeisen schweiz",37,"37"
"280","robert half international",37,"37"
"281","sdaac",37,"37"
"282","vanksen",37,"37"
"283","deutsche brse group",36,"36"
"284","ernst & young services s.a.",36,"36"
"285","1",35,"35"
"286","advanzia bank sa",35,"35"
"287","doctena",35,"35"
"288","i.r.i.s. (canon group)",35,"35"
"290","intertrust (luxembourg) sarl",35,"35"
"291","ministère de la justice",35,"35"
"292","rh lab",35,"35"
"293","robert half",35,"35"
"294","sanne",35,"35"
"295","universit du luxembourg",35,"35"
"296","actimage",34,"34"
"297","bâloise assurances",34,"34"
"298","bnp paribas securities services",34,"34"
"299","engel & völkers",34,"34"
"300","global m and a toolkit",34,"34"
"301","lancelot",34,"34"
"302","ministère d'état",34,"34"
"303","orbium",34,"34"
"304","société générale securities services",34,"34"
"305","sogelife",34,"34"
"306","bce broadcasting center europe s.a.",33,"33"
"307","eyesen",33,"33"
"308","infeurope s.a.",33,"33"
"309","john zink hamworthy combustion",33,"33"
"310","kobaltt nord est",33,"33"
"311","ministère des finances",33,"33"
"312","rtlgroup",33,"33"
"313","anthem, inc",32,"32"
"314","docler holding s.à.r.l",32,"32"
"315","east-west united bank",32,"32"
"316","fradeo gmbh",32,"32"
"317","luxlait association agricole",32,"32"
"318","morgan philips group sa",32,"32"
"319","vo consulting lux",32,"32"
"320","accor hotels",31,"31"
"321","cms legal",31,"31"
"323","iee",31,"31"
"324","losch",31,"31"
"325","nsi luxembourg s.a",31,"31"
"326","ocorian",31,"31"
"327","ceratizit luxembourg s.à r.l.",30,"30"
"328","greenfield s. r.l.",30,"30"
"329","guardian-industries",30,"30"
"330","jones lang lasalle, ip, inc",30,"30"
"331","luxembourg institute of health",30,"30"
"332","ministère de l'économie",30,"30"
"333","ministère de la santé",30,"30"
"334","ministère de la sécurité intérieure",30,"30"
"335","privilege services",30,"30"
"337","sodexo luxembourg s.a.",30,"30"
"338","synergie",30,"30"
"340","advitek nv/sa",29,"29"
"341","alter domus participations s.à.r.l.",29,"29"
"342","auchan luxembourg s.a.",29,"29"
"343","banque havilland",29,"29"
"344","banque havilland s.a.",29,"29"
"345","bmc academy",29,"29"
"346","dla piper",29,"29"
"347","fyte luxembourg",29,"29"
"348","groupe galeries lafayette",29,"29"
"349","jones lang lasalle",29,"29"
"350","onepoint",29,"29"
"351","pro inter dudelange",29,"29"
"352","rime it",29,"29"
"353","sgi consulting s.a",29,"29"
"355","vo consulting lux sa",29,"29"
"356","banque degroof petercam luxembourg sa",28,"28"
"358","axa assurances luxembourg",27,"27"
"359","becruiter",27,"27"
"360","create your own career",27,"27"
"361","delphi technologies",27,"27"
"362","dimension data",27,"27"
"363","dz privatbank s.a.",27,"27"
"364","john zink international luxembourg sarl",27,"27"
"365","kuehne + nagel",27,"27"
"366","lease s.a",27,"27"
"367","ministère de la famille, de l'intégration et à la grande région",27,"27"
"368","offreemploi",27,"27"
"369","up-starter",27,"27"
"370","wunderman thompson",27,"27"
"371","abylsen luxembourg",26,"26"
"372","alten",26,"26"
"373","alter domus luxembourg s.à r.l.",26,"26"
"374","camo emploi",26,"26"
"375","cebi international s.a.",26,"26"
"376","european depositary bank",26,"26"
"377","fonds du logement",26,"26"
"378","hôpitaux robert schuman",26,"26"
"379","inautix technologies",26,"26"
"381","mitsubishi ufj investor services & banking (luxembourg) s.a.",26,"26"
"382","morgan philips executive search luxembourg",26,"26"
"384","rh expert",26,"26"
"385","srg global",26,"26"
"386","turbolux",26,"26"
"387","u.s. dept of defense",26,"26"
"388","amundi",25,"25"
"389","austin bright srl",25,"25"
"390","chl",25,"25"
"391","cmi group",25,"25"
"392","croix-rouge luxembourgeoise",25,"25"
"393","devoteam",25,"25"
"394","intech",25,"25"
"395","it human resources",25,"25"
"396","its4u",25,"25"
"397","john zink international luxembourg",25,"25"
"398","lri invest s.a.",25,"25"
"399","luxembourg institute of science and technology (list)",25,"25"
"400","merbag s.a.",25,"25"
"401","relais&amp;chateaux",25,"25"
"402","rsm luxembourg",25,"25"
"404","camo",24,"24"
"405","credit suisse (luxembourg) s.a.",24,"24"
"407","fyte",24,"24"
"408","l.e.a.se.",24,"24"
"409","lowe's companies",24,"24"
"410","mazars",24,"24"
"411","neofacto",24,"24"
"412","six payment services (europe) s.a",24,"24"
"413","vp bank (luxembourg) sa",24,"24"
"414","badenoch + clark",23,"23"
"415","banque raiffeisen s.c.",23,"23"
"416","brink's security luxembourg sa",23,"23"
"417","cactus s.a.",23,"23"
"418","clicemploi",23,"23"
"419","eurofins",23,"23"
"420","icbc",23,"23"
"421","il cosmetics",23,"23"
"422","intech",23,"23"
"424","lga engineering",23,"23"
"425","morgan philips group",23,"23"
"426","not disclosed",23,"23"
"427","stëftung hëllef doheem",23,"23"
"428","united caps",23,"23"
"429","acl automobile club du luxembourg",22,"22"
"430","amplexor",22,"22"
"431","auchan retail luxembourg",22,"22"
"433","fab careers",22,"22"
"434","finologee s.a.",22,"22"
"435","globality sa",22,"22"
"437","logwin",22,"22"
"438","oceal interim",22,"22"
"439","raiffeisen",22,"22"
"440","rhea recrutement",22,"22"
"442","vinçotte luxembourg",22,"22"
"443","wildgen",22,"22"
"445","blake & partners",21,"21"
"446","ca indosuez",21,"21"
"447","cebi luxembourg s.a.",21,"21"
"448","chl - centre hospitalier de luxembourg",21,"21"
"449","citi",21,"21"
"450","dge construction",21,"21"
"451","fidelity international",21,"21"
"452","gates industrial europe sarl",21,"21"
"453","gezim intrim",21,"21"
"454","global jet",21,"21"
"455","ministère de l’environnement, du climat et du développement durable",21,"21"
"456","ministère de la sécurité sociale",21,"21"
"457","mondorf domaine thermal",21,"21"
"458","partners group",21,"21"
"459","paul wurth s.a.",21,"21"
"460","sup interim",21,"21"
"461","abakus it solutions",20,"20"
"462","aig",20,"20"
"463","anidris services",20,"20"
"464","barclays",20,"20"
"465","bitflyer",20,"20"
"466","carlex glass luxembourg s.​a",20,"20"
"467","dxc technology company",20,"20"
"468","engie cofely",20,"20"
"469","eurobank private bank luxembourg sa",20,"20"
"471","flexiwork",20,"20"
"472","help",20,"20"
"473","istorm luxembourg",20,"20"
"474","james woodman",20,"20"
"475","l.e.a.se. s.a.",20,"20"
"476","losch import s.à r.l.",20,"20"
"477","luxair group",20,"20"
"478","maltem consulting",20,"20"
"479","mersch schmitz",20,"20"
"480","sia partners",20,"20"
"481","société générale",20,"20"
"482","socit gnrale",20,"20"
"483","the international school of luxembourg",20,"20"
"484","up:starter",20,"20"
"485","abalone intérim",19,"19"
"486","accenture",19,"19"
"487","alliance interim",19,"19"
"488","axa",19,"19"
"489","centralis sa",19,"19"
"490","cfl - société nationale des chemins de fer luxembourgeois",19,"19"
"491","citigroup inc",19,"19"
"492","citygroup",19,"19"
"493","falkerin",19,"19"
"494","gh intrim",19,"19"
"495","guardian industries",19,"19"
"496","ing investment banking",19,"19"
"497","j&c associates ltd",19,"19"
"498","jtc signes s.à r.l.",19,"19"
"499","ministère de l'intérieur",19,"19"
"500","ministère de la fonction publique",19,"19"
"501","morson group",19,"19"
"502","proximus luxembourg",19,"19"
"503","rbc",19,"19"
"504","sofitex luxembourg-ville",19,"19"
"506","temenos",19,"19"
"507","universal-investment-luxembourg s.a.",19,"19"
"508","advanzia bank",18,"18"
"509","all european careers",18,"18"
"510","allen & overy",18,"18"
"511","ap technical",18,"18"
"512","arnold kontz group",18,"18"
"513","brevco services scs",18,"18"
"514","cldn",18,"18"
"515","deutsche brse",18,"18"
"516","ike",18,"18"
"518","john zink international",18,"18"
"519","laboratoires réunis",18,"18"
"520","lalux",18,"18"
"521","lombard international assurance s.a.",18,"18"
"522","luxtrust",18,"18"
"523","mas international",18,"18"
"524","mercedes pay s.a.",18,"18"
"525","panelux s.a.",18,"18"
"526","pro inter esch-sur-alzette",18,"18"
"527","progressive",18,"18"
"528","qbuild sàrl - ingénieurs conseils",18,"18"
"529","rotarex group luxembourg",18,"18"
"530","schroder investment management s.a.",18,"18"
"531","schroders",18,"18"
"532","bâloise assurance luxembourg",17,"17"
"533","centre hospitalier neuro-psychiatrique (chnp)",17,"17"
"534","edouard franklin",17,"17"
"535","engie",17,"17"
"536","estra automotive",17,"17"
"537","exmc",17,"17"
"538","fujitsu technology solutions",17,"17"
"539","gulf",17,"17"
"540","interactive brokers",17,"17"
"541","intesa sanpaolo",17,"17"
"542","john paul",17,"17"
"543","kneip",17,"17"
"544","kuehne + nagel s.à r.l.",17,"17"
"545","lombard international",17,"17"
"546","pm international ag",17,"17"
"547","polygone",17,"17"
"548","ss&c technologies, inc.",17,"17"
"549","state street",17,"17"
"550","syniverse",17,"17"
"551","templeton & partners",17,"17"
"552","vesperia group",17,"17"
"553","wavestone",17,"17"
"554","ampacet europe sa",16,"16"
"555","atalian global services luxembourg srl",16,"16"
"556","b medical systems s.à.r.l.",16,"16"
"557","china merchants bank co., ltd., luxembourg branch",16,"16"
"558","clearstream luxembourg (deutsche börse group)",16,"16"
"559","commerzbank ag",16,"16"
"560","dekabank",16,"16"
"561","edouard franklin",16,"16"
"562","european union",16,"16"
"563","fast-track diagnostics",16,"16"
"564","fiduciaire centrale du luxembourg",16,"16"
"566","iboo",16,"16"
"567","il cosmetics group",16,"16"
"568","in quarto",16,"16"
"570","julius baer",16,"16"
"571","keyteo",16,"16"
"572","kpmg international cooperative",16,"16"
"573","loyens & loeff",16,"16"
"574","merbag s.a. luxembourg",16,"16"
"575","pall center",16,"16"
"576","paul wagner et fils s.a.",16,"16"
"577","rh conseil",16,"16"
"578","sd worx",16,"16"
"580","ssi schäfer shop gmbh",16,"16"
"581","synergie",16,"16"
"582","unique office",16,"16"
"583","vialegis s.a.",16,"16"
"584","ald automotive",15,"15"
"585","brookfield asset management inc.",15,"15"
"586","caisse nationale de santé (cns)",15,"15"
"587","deloitte-luxembourg",15,"15"
"588","eyesen intérim sa",15,"15"
"589","glamuse",15,"15"
"590","hauck & aufhäuser privatbankiers kgaa",15,"15"
"591","homme et carrieres",15,"15"
"592","karp-kneip constructions s.a.",15,"15"
"593","la mondiale europartner",15,"15"
"594","losch luxembourg",15,"15"
"595","nordea bank",15,"15"
"596","payconiq",15,"15"
"597","reckinger s.a.",15,"15"
"598","reinert s.à.r.l",15,"15"
"599","soludec",15,"15"
"600","vivalia",15,"15"
"601","abylsen est",14,"14"
"602","accumalux group",14,"14"
"603","aconex",14,"14"
"604","adrea mutuelle",14,"14"
"605","altran",14,"14"
"606","arval",14,"14"
"607","baker & mckenzie luxembourg",14,"14"
"608","bonn steichen & partners",14,"14"
"609","business & decision",14,"14"
"610","caceis luxembourg",14,"14"
"611","capelli",14,"14"
"612","celian",14,"14"
"613","charles oakes and co.",14,"14"
"614","demathieu bard construction",14,"14"
"615","docler",14,"14"
"616","eltrona interdiffusion s.a.",14,"14"
"617","emalec",14,"14"
"618","euro-composites s.a.",14,"14"
"619","extra time",14,"14"
"620","fab group",14,"14"
"621","global facilities s.a.",14,"14"
"622","global jet luxembourg sa",14,"14"
"623","gt ressources humaines s.a.",14,"14"
"624","ibm",14,"14"
"625","imc european business school",14,"14"
"626","innov'iction",14,"14"
"627","inowai s.a.",14,"14"
"629","logwin ag",14,"14"
"630","luxlait",14,"14"
"631","luxscan technologies",14,"14"
"632","lycée vauban",14,"14"
"633","m.m.warburg & co luxembourg",14,"14"
"634","majorel s.a.r.l",14,"14"
"636","numbrs",14,"14"
"637","numen",14,"14"
"638","oq technology",14,"14"
"639","oracle",14,"14"
"640","rh lab. sarl",14,"14"
"641","rigo trading s.a",14,"14"
"642","sofitex wiltz",14,"14"
"643","telkea",14,"14"
"644","tetris",14,"14"
"645","unique finance",14,"14"
"646","uxc professional solutions",14,"14"
"647","voyages emile weber",14,"14"
"648","wolters kluwer",14,"14"
"649","3c payment",13,"13"
"650","abylsen",13,"13"
"651","agence pour le développement de l'emploi (adem)",13,"13"
"652","austin bright s.r.l.",13,"13"
"653","bati c s.a.",13,"13"
"654","bcee",13,"13"
"655","brookfield asset management",13,"13"
"656","cll centres de langues asbl - siège social",13,"13"
"657","consol partners",13,"13"
"658","danske bank",13,"13"
"659","devoteam guidance sa",13,"13"
"660","dz privatbank",13,"13"
"661","elco sa",13,"13"
"662","farad group",13,"13"
"664","fernbach",13,"13"
"665","five star senior living",13,"13"
"666","freelance-info",13,"13"
"667","fujitsu luxembourg",13,"13"
"668","greenfield s.a r.l.",13,"13"
"669","house of training",13,"13"
"670","hsbc",13,"13"
"672","jtc (luxembourg) s.a.",13,"13"
"673","kpmg luxembourg",13,"13"
"674","kronoplus limited",13,"13"
"675","kronospan luxembourg s.a.",13,"13"
"676","l.s.c. engineering group s.a.",13,"13"
"677","leaseplan luxembourg",13,"13"
"678","luxinnovation gie",13,"13"
"679","luxtrust s.a",13,"13"
"680","q-leap sa",13,"13"
"681","rh expert",13,"13"
"682","seco",13,"13"
"683","sofitex esch",13,"13"
"684","spie belgium",13,"13"
"685","steffen traiteur sàrl",13,"13"
"686","synechron",13,"13"
"687","t&s",13,"13"
"688","talan",13,"13"
"691","turbolux sarl luxemburg",13,"13"
"692","ujet s.a",13,"13"
"693","union investment",13,"13"
"694","université de luxembourg",13,"13"
"695","victor buck services s.a.",13,"13"
"696","vinci",13,"13"
"697","acf group",12,"12"
"699","alten",12,"12"
"700","apex corporate services sa",12,"12"
"701","athome group",12,"12"
"702","ausy luxembourg psf s.a.",12,"12"
"703","axia 54",12,"12"
"704","corestate capital fund management s.à.r.l",12,"12"
"705","dekabank deutsche girozentrale luxembourg s.a.",12,"12"
"706","deutsche bahn ag",12,"12"
"707","ebrc",12,"12"
"708","editus",12,"12"
"709","ez metrology",12,"12"
"710","fanuc india private limited",12,"12"
"711","finologee",12,"12"
"712","h & m hennes & mauritz ab",12,"12"
"713","hotel melia luxembourg",12,"12"
"714","infeurope",12,"12"
"715","interactiv",12,"12"
"716","jcw search ltd",12,"12"
"717","la provençale",12,"12"
"718","lgtf",12,"12"
"719","luxcontrol",12,"12"
"720","mufg lux management company s.a.",12,"12"
"721","natixis",12,"12"
"722","nonstop chemical",12,"12"
"723","oberweis sa",12,"12"
"724","one ten associates",12,"12"
"725","pictet",12,"12"
"726","raval europe s.a.",12,"12"
"727","reflex rh",12,"12"
"728","ria",12,"12"
"729","rtl group s.a.",12,"12"
"730","unicredit international bank (luxembourg) s.a.",12,"12"
"731","unspecified",12,"12"
"732","allianz investment management luxembourg",11,"11"
"733","altran technologies",11,"11"
"734","arcus asbl",11,"11"
"735","athena conseil lux",11,"11"
"736","ausy luxembourg psf s.a.",11,"11"
"737","automobile club du luxembourg (acl)",11,"11"
"738","carne global fund managers (luxembourg)",11,"11"
"739","chnp - centre hospitalier neuro-psychiatrique",11,"11"
"740","circuit foil luxembourg",11,"11"
"741","clearstream international sa",11,"11"
"742","contracts it ltd",11,"11"
"743","corps grand-ducal d'incendie et de secours (cgdis)",11,"11"
"744","data essential",11,"11"
"745","ecole supérieure du digital",11,"11"
"746","emtronix",11,"11"
"747","euro-composites® s.a.",11,"11"
"748","fast track diagnostics ltd",11,"11"
"749","finalyse",11,"11"
"750","foyer assurances",11,"11"
"751","fundsquare",11,"11"
"752","groupe wagner luxembourg",11,"11"
"753","hôpital intercommunal de steinfort",11,"11"
"754","interact",11,"11"
"755","intesa sanpaolo bank luxembourg",11,"11"
"756","invesco ltd.",11,"11"
"757","iq solutions luxembourg",11,"11"
"758","jetfly aviation sa",11,"11"
"759","kerry",11,"11"
"760","kobaltt",11,"11"
"761","kuhn construction s.a.",11,"11"
"762","la provenale s. r.l.",11,"11"
"763","laboratoires ketterthill",11,"11"
"764","lamesch",11,"11"
"765","lunchtime s.àr.l",11,"11"
"766","mccabe & barton",11,"11"
"767","moventum s.c.a.",11,"11"
"768","n/c",11,"11"
"769","natixis",11,"11"
"770","netsuite inc.",11,"11"
"771","numbrs personal finance ag.",11,"11"
"772","objectware",11,"11"
"773","onepoint",11,"11"
"774","onpex",11,"11"
"775","police grand-ducale",11,"11"
"776","rigo trading sa",11,"11"
"777","rtl group",11,"11"
"778","sofitel luxembourg le grand ducal",11,"11"
"779","sofitex",11,"11"
"780","stott and may",11,"11"
"781","unique",11,"11"
"782","vanksen sa",11,"11"
"783","accenture luxembourg",10,"10"
"784","accounting & finance",10,"10"
"785","advitek",10,"10"
"786","agrolux intérim",10,"10"
"787","amaris",10,"10"
"788","artevie",10,"10"
"789","assenagon",10,"10"
"790","atoz s.a.",10,"10"
"791","aztec group limited",10,"10"
"792","bank of china limited",10,"10"
"793","banque centrale du luxembourg (bcl)",10,"10"
"794","blackrock",10,"10"
"795","caceis bank, luxembourg branch",10,"10"
"796","caisse nationale de santé",10,"10"
"797","cat-amania",10,"10"
"799","ceratizit luxembourg s.à.r.l.",10,"10"
"800","cgi group, inc.",10,"10"
"801","china construction bank (europe) s.a.",10,"10"
"802","circuit foil luxembourg sarl",10,"10"
"803","clk s.à.r.l",10,"10"
"804","compass",10,"10"
"805","contracts it",10,"10"
"806","credit suisse fund services (luxembourg) s.a.",10,"10"
"807","ctg it solutions",10,"10"
"808","department of the army",10,"10"
"809","deutsche bank luxembourg s.a.",10,"10"
"810","elvinger hoss prussen",10,"10"
"811","eurocaution benelux sa",10,"10"
"812","eurofoil luxembourg s.a.",10,"10"
"813","european depositary bank sa",10,"10"
"814","european fund administration efa",10,"10"
"815","fia a.m.",10,"10"
"816","fox department",10,"10"
"817","foyer",10,"10"
"818","franklin resources,inc",10,"10"
"819","franklin templeton investments",10,"10"
"820","goodyear dunlop",10,"10"
"821","hotel le place d''armes",10,"10"
"822","hôtel le place d'armes",10,"10"
"823","iecorp",10,"10"
"824","lidl belgium",10,"10"
"826","melt group",10,"10"
"827","mindforest s.a.",10,"10"
"828","netregie",10,"10"
"829","norman alex",10,"10"
"830","reinert",10,"10"
"831","resultance s.a.",10,"10"
"832","rm it professional resources ag",10,"10"
"834","simac professional",10,"10"
"835","stepstone",10,"10"
"836","strelia",10,"10"
"837","supply chain s.á.r.l",10,"10"
"838","swiss life luxembourg s.a.",10,"10"
"839","switch it",10,"10"
"840","thomas & piron luxembourg sa",10,"10"
"841","ubs",10,"10"
"842","verbandskëscht",10,"10"
"843","voyage emile weber",10,"10"
"844","wolters kluwer",10,"10"
"845","advitek sa",9,"9"
"846","aetna",9,"9"
"847","arhs-developments",9,"9"
"848","autopolis s.a",9,"9"
"849","bank gpb international s.a.",9,"9"
"850","bank of communications (luxembourg) s.a.",9,"9"
"851","banque et caisse d'epargne de l'etat",9,"9"
"852","batipro sàrl",9,"9"
"854","bmw bilia-emond luxembourg",9,"9"
"855","caceis bank luxembourg",9,"9"
"856","carlex glass luxembourg sa",9,"9"
"857","cat-amania",9,"9"
"858","centre hospitalier du nord (chdn)",9,"9"
"859","centre national de rééducation fonctionnelle et de réadaptation (rehazenter)",9,"9"
"860","chambre des métiers du grand-duché de luxembourg",9,"9"
"861","champ cargosystems",9,"9"
"862","cle sa",9,"9"
"863","dana human capital",9,"9"
"864","daoust sa",9,"9"
"865","duff & phelps corp",9,"9"
"866","edmond de rothschild luxembourg",9,"9"
"867","efa",9,"9"
"869","etix everywhere",9,"9"
"870","europ-it services",9,"9"
"871","fenetech europe srl",9,"9"
"872","fm global",9,"9"
"873","fondation autisme luxembourg",9,"9"
"874","goeres group",9,"9"
"875","gotofreedom",9,"9"
"876","group alipa",9,"9"
"877","hausman s.à r.l.",9,"9"
"878","husky injection molding systems s.a.",9,"9"
"879","idp",9,"9"
"880","itab",9,"9"
"881","john cockerill",9,"9"
"882","johnson controls",9,"9"
"883","johnson controls",9,"9"
"884","jtc group",9,"9"
"885","kbr",9,"9"
"886","kronospan",9,"9"
"887","laboratoire national de sant",9,"9"
"888","landewyck group",9,"9"
"889","lip luxembourg",9,"9"
"890","lombard odier",9,"9"
"891","luxcellence",9,"9"
"892","max planck institute",9,"9"
"893","ministère de l'environnement, du climat et du développement durable",9,"9"
"894","ministère de l’énergie et de l’aménagement du territoire",9,"9"
"895","montreal associates",9,"9"
"897","movilliat construction sa",9,"9"
"898","office people personalmanagement gmbh",9,"9"
"899","pelham",9,"9"
"900","prefalux s.a.",9,"9"
"901","prime capital ag",9,"9"
"902","reckinger alfred sa",9,"9"
"903","resultance",9,"9"
"904","rh lab",9,"9"
"905","royal bank of scotland",9,"9"
"906","rsm tax & accounting luxembourg",9,"9"
"907","skillfinder international",9,"9"
"908","sperling & star",9,"9"
"910","standard life aberdeen",9,"9"
"911","sword",9,"9"
"912","syniverse technologies sarl",9,"9"
"913","tesla motors",9,"9"
"914","time power advantage sa",9,"9"
"915","trasys international",9,"9"
"916","up trace",9,"9"
"917","vodafone",9,"9"
"918","zeb",9,"9"
"919","aldi",8,"8"
"920","allen & overy llp",8,"8"
"921","altran",8,"8"
"922","association n. arend & c. fischbach s.a.",8,"8"
"923","auchan luxembourg",8,"8"
"924","barclay simpson associates limited",8,"8"
"925","bil - banque internationale ã  luxembourg",8,"8"
"926","bil - banque internationale à luxembourg",8,"8"
"927","binsfeld",8,"8"
"928","bloise assurances",8,"8"
"929","capelli groupe france",8,"8"
"930","cbre",8,"8"
"931","cgi france sasu",8,"8"
"932","charles russell speechlys",8,"8"
"933","cle",8,"8"
"934","cms luxembourg",8,"8"
"935","columbia thread needle",8,"8"
"936","ctg luxembourg p.s.f.",8,"8"
"937","datafab",8,"8"
"938","db schenker",8,"8"
"939","delhaize",8,"8"
"940","dell",8,"8"
"941","doctena",8,"8"
"942","electricite emb",8,"8"
"944","etf",8,"8"
"945","eyetech solutions",8,"8"
"946","f&b kennedy sa",8,"8"
"947","faurecia",8,"8"
"948","félix giorgetti s.àr.l.",8,"8"
"949","fideco, fiduciaire de l’economie du luxembourg s.a.",8,"8"
"950","fresenius medical care north america",8,"8"
"951","fwu life insurance lux s.a.",8,"8"
"952","general electric",8,"8"
"953","gezim",8,"8"
"954","goodyear dunlop tires operations s.a.",8,"8"
"955","gradel groupe sa",8,"8"
"956","grant thornton advisory",8,"8"
"957","ifa",8,"8"
"958","ifg consulting",8,"8"
"959","intech s.a.",8,"8"
"960","intrasoft international",8,"8"
"961","jefferson frank",8,"8"
"963","john deere bank s.a.",8,"8"
"964","kerry luxembourg sarl",8,"8"
"965","keyrus luxembourg",8,"8"
"966","laboratoires réunis junglinster",8,"8"
"967","logdirect",8,"8"
"968","logwin holding aschaffenburg gmbh",8,"8"
"969","lunchtime s.r.l",8,"8"
"970","luxembourg institute of health",8,"8"
"971","luxembourg online sa",8,"8"
"972","luxlait association agricole",8,"8"
"973","macquarie group",8,"8"
"974","maison steffen",8,"8"
"975","maitland",8,"8"
"976","mc interim (eloyes et esch)",8,"8"
"977","moog inc.",8,"8"
"978","mudam luxembourg",8,"8"
"979","octopus computer associates",8,"8"
"980","onepoint",8,"8"
"981","page personnel",8,"8"
"982","patrizia real estate investment management s.à r.l.",8,"8"
"983","people & baby",8,"8"
"984","petrodiff g.m.b.h",8,"8"
"985","poeckes",8,"8"
"986","point carré",8,"8"
"987","pole emploi",8,"8"
"988","ppro group",8,"8"
"989","preh car connect gmbh",8,"8"
"990","projets et performance mediterranee",8,"8"
"991","pwc legal",8,"8"
"992","pwc luxembourg",8,"8"
"993","rakuten.tv",8,"8"
"994","redstone private banking search",8,"8"
"995","saint-gobain",8,"8"
"996","saxo payments – banking circle",8,"8"
"997","scorechain",8,"8"
"998","sgg",8,"8"
"999","société générale à luxembourg",8,"8"
"1000","soludec sa",8,"8"
"1001","sperry partners",8,"8"
"1002","stegmann personaldienstleistung gmbh",8,"8"
"1003","swiss re",8,"8"
"1005","the ian martin group",8,"8"
"1007","tpa.lu - time power advantage s.a. mertert-wasserbillig",8,"8"
"1008","turbolux sarl",8,"8"
"1009","ubs (luxembourg) s.a.",8,"8"
"1010","vereal s.a",8,"8"
"1011","willis towers watson",8,"8"
"1012","ziffer lu s.a r.l.",8,"8"
"1013","2sales international s.a.",7,"7"
"1014","abakus",7,"7"
"1015","abylsen luxembourg",7,"7"
"1016","actimage consulting sas",7,"7"
"1017","airbnb, inc.",7,"7"
"1018","aldi vaux-sur-sûre",7,"7"
"1019","all in one technologies s.a.",7,"7"
"1020","allianz global investors gmbh",7,"7"
"1021","annapurna hr",7,"7"
"1022","apex fund and corporate services (luxembourg) s.a.",7,"7"
"1023","apex fund services (malta) limited, luxembourg branch",7,"7"
"1024","banque internationale luxembourg",7,"7"
"1025","banque internationale luxembourg (bil)",7,"7"
"1026","bayerninvest luxembourg sa",7,"7"
"1027","bnp paribas asset management",7,"7"
"1028","broadcasting center europe",7,"7"
"1029","cabinet blique-actimum",7,"7"
"1030","cali europe",7,"7"
"1031","cap langues sàrl",7,"7"
"1032","casa4funds",7,"7"
"1033","catenon",7,"7"
"1034","cebi international s.a.",7,"7"
"1035","cfl-immo s.a.",7,"7"
"1036","chambre de commerce du grand-duché de luxembourg",7,"7"
"1037","champ cargosystems s.a",7,"7"
"1038","charles kieffer group sa",7,"7"
"1040","consol partners",7,"7"
"1041","croix-rouge luxembourgeoise",7,"7"
"1042","curver luxembourg sàrl",7,"7"
"1043","davita",7,"7"
"1044","davita",7,"7"
"1045","demathieu bard",7,"7"
"1046","devoteam sa",7,"7"
"1047","dng intérim",7,"7"
"1049","doubletree by hilton luxembourg",7,"7"
"1050","dsk systems s.a.",7,"7"
"1051","dxc technology",7,"7"
"1052","euro deal srl",7,"7"
"1053","europ it",7,"7"
"1054","felixhotel",7,"7"
"1055","fenetech europe sarl",7,"7"
"1056","fiad s.a.",7,"7"
"1057","finologee",7,"7"
"1058","fuse engineering, sa",7,"7"
"1059","groupe onet",7,"7"
"1060","groupe steffen",7,"7"
"1061","gt fiduciaires s.a.",7,"7"
"1062","hauck & aufhäuser privatbankiers ag, niederlassung luxemburg",7,"7"
"1065","hugo boss",7,"7"
"1066","infom consulting gmbh",7,"7"
"1067","innpact sarl",7,"7"
"1068","institut luxembourgeois de régulation",7,"7"
"1069","international fire control sa",7,"7"
"1070","international lacquers",7,"7"
"1071","invesco mutual fund",7,"7"
"1072","iss luxinterim",7,"7"
"1073","jao s.a.",7,"7"
"1074","jll",7,"7"
"1076","jpmorgan chase",7,"7"
"1077","köhl maschinenbau ag",7,"7"
"1078","kroll",7,"7"
"1079","lazzara t. constructions sàrl",7,"7"
